sourceFile,indexSerial,indexCode,indexSubject,detected
"Previous Years QPs/Basic Science (Physics, Chemistry and Mathematics )/BE – Makeup Exam.pdf",1,BBEE103/203,Basic Electronics for EEE Stream,YES
"Previous Years QPs/Basic Science (Physics, Chemistry and Mathematics )/BE – Makeup Exam.pdf",3,BCHEE102/202,Chemistry for EEE Stream,YES
"Previous Years QPs/Basic Science (Physics, Chemistry and Mathematics )/BE – Makeup Exam.pdf",4,BCHEM102/202,Applied Chemistry for ME Stream,YES
"Previous Years QPs/Basic Science (Physics, Chemistry and Mathematics )/BE – Makeup Exam.pdf",5,BCHES102/202,Applied Chemistry for CSE Stream,YES
"Previous Years QPs/Basic Science (Physics, Chemistry and Mathematics )/BE – Makeup Exam.pdf",6,BCIVC103/203,Engineering Mechanics,YES
"Previous Years QPs/Basic Science (Physics, Chemistry and Mathematics )/BE – Makeup Exam.pdf",7,BEMEM103/203,Elements of Mechanical Engineering,YES
"Previous Years QPs/Basic Science (Physics, Chemistry and Mathematics )/BE – Makeup Exam.pdf",8,BENGK106/206,Communicative English,YES
"Previous Years QPs/Basic Science (Physics, Chemistry and Mathematics )/BE – Makeup Exam.pdf",15,BICOK107/207,Indian Constitution,YES
"Previous Years QPs/Basic Science (Physics, Chemistry and Mathematics )/BE – Makeup Exam.pdf",16,BIDTK158/258,Innovation and Design Thinking,YES
"Previous Years QPs/Basic Science (Physics, Chemistry and Mathematics )/BE – Makeup Exam.pdf",17,BKSKK107/207,Samkruthika Kannada,YES
"Previous Years QPs/Basic Science (Physics, Chemistry and Mathematics )/BE – Makeup Exam.pdf",18,BMATC101,Mathematics – I for Civil Engineering Stream,YES
"Previous Years QPs/Basic Science (Physics, Chemistry and Mathematics )/BE – Makeup Exam.pdf",19,BMATE101,Mathematics – I for EEE Stream,YES
"Previous Years QPs/Basic Science (Physics, Chemistry and Mathematics )/BE – Makeup Exam.pdf",20,BMATM101,Mathematics – I for ME Stream,YES
"Previous Years QPs/Basic Science (Physics, Chemistry and Mathematics )/BE – Makeup Exam.pdf",22,BPHYE102/202,Applied Physics for EEE Stream,YES
"Previous Years QPs/Basic Science (Physics, Chemistry and Mathematics )/BE – Makeup Exam.pdf",23,BPHYM102/202,Applied Physics for ME Stream,YES
"Previous Years QPs/Basic Science (Physics, Chemistry and Mathematics )/BE – Makeup Exam.pdf",28,BPOPS103/203,Principles of Programming Using C,YES
"Previous Years QPs/Basic Science (Physics, Chemistry and Mathematics )/BE – Makeup Exam.pdf",29,BPWSK106/206,Professional Writing Skills in English,YES
"Previous Years QPs/Basic Science (Physics, Chemistry and Mathematics )/BE – Makeup Exam.pdf",,BCHEC102/202,,DETECTED_NOT_IN_INDEX
"Previous Years QPs/Basic Science (Physics, Chemistry and Mathematics )/BE – Makeup Exam.pdf",,BESCK104A/BESCKA104,,DETECTED_NOT_IN_INDEX
"Previous Years QPs/Basic Science (Physics, Chemistry and Mathematics )/BE – Makeup Exam.pdf",,BESCK104B/BESCKB104,,DETECTED_NOT_IN_INDEX
"Previous Years QPs/Basic Science (Physics, Chemistry and Mathematics )/BE – Makeup Exam.pdf",,BESCK104C/BESCKC104,,DETECTED_NOT_IN_INDEX
"Previous Years QPs/Basic Science (Physics, Chemistry and Mathematics )/BE – Makeup Exam.pdf",,BESCK204B/BESCKB204,,DETECTED_NOT_IN_INDEX
"Previous Years QPs/Basic Science (Physics, Chemistry and Mathematics )/BE – Makeup Exam.pdf",,BESCKE204/BESCK204E,,DETECTED_NOT_IN_INDEX
"Previous Years QPs/Basic Science (Physics, Chemistry and Mathematics )/BE – Makeup Exam.pdf",,BETCK205B/BETCKB205,,DETECTED_NOT_IN_INDEX
"Previous Years QPs/Basic Science (Physics, Chemistry and Mathematics )/BE – Makeup Exam.pdf",,BMATS101,,DETECTED_NOT_IN_INDEX
"Previous Years QPs/Basic Science (Physics, Chemistry and Mathematics )/BE – Makeup Exam.pdf",,BPHYS102/202,,DETECTED_NOT_IN_INDEX
"Previous Years QPs/Basic Science (Physics, Chemistry and Mathematics )/BE – Makeup Exam.pdf",,BPLCK105B/BPLCKB105,,DETECTED_NOT_IN_INDEX
"Previous Years QPs/Basic Science (Physics, Chemistry and Mathematics )/BE – Makeup Exam.pdf",,BPLCK205B/BPLCKB205,,DETECTED_NOT_IN_INDEX
"Previous Years QPs/Basic Science (Physics, Chemistry and Mathematics )/BE – Makeup Exam.pdf",,BPLCK205C/BPLCKC205,,DETECTED_NOT_IN_INDEX
"Previous Years QPs/Basic Science (Physics, Chemistry and Mathematics )/Mathematics, Physics & Chemistry Cycle.pdf",1,BMATC101,Mathematics –I for Civil Engineering Stream,YES
"Previous Years QPs/Basic Science (Physics, Chemistry and Mathematics )/Mathematics, Physics & Chemistry Cycle.pdf",4,BMATS101,Mathematics – I for CSE Stream,YES
"Previous Years QPs/Basic Science (Physics, Chemistry and Mathematics )/Mathematics, Physics & Chemistry Cycle.pdf",5,BCHEC102/202,Applied Chemistry for Civil Engineering Stream,YES
"Previous Years QPs/Basic Science (Physics, Chemistry and Mathematics )/Mathematics, Physics & Chemistry Cycle.pdf",6,BCHEE102/202,Chemistry for EEE Stream,YES
"Previous Years QPs/Basic Science (Physics, Chemistry and Mathematics )/Mathematics, Physics & Chemistry Cycle.pdf",7,BCHEM102/202,Applied Chemistry for ME Stream,YES
"Previous Years QPs/Basic Science (Physics, Chemistry and Mathematics )/Mathematics, Physics & Chemistry Cycle.pdf",8,BCHES102/202,Applied Chemistry for CSE Stream,YES
"Previous Years QPs/Basic Science (Physics, Chemistry and Mathematics )/Mathematics, Physics & Chemistry Cycle.pdf",9,BEMEM103/203,Elements of Mechanical Engineering,YES
"Previous Years QPs/Basic Science (Physics, Chemistry and Mathematics )/Mathematics, Physics & Chemistry Cycle.pdf",10,BPOPS103/203,Principles of Programming using C,YES
"Previous Years QPs/Basic Science (Physics, Chemistry and Mathematics )/Mathematics, Physics & Chemistry Cycle.pdf",11,BEEE103/203,Elements of Electrical Engineering,YES
"Previous Years QPs/Basic Science (Physics, Chemistry and Mathematics )/Mathematics, Physics & Chemistry Cycle.pdf",12,BBEE103/203,Basic Electronics for EEE Stream,YES
"Previous Years QPs/Basic Science (Physics, Chemistry and Mathematics )/Mathematics, Physics & Chemistry Cycle.pdf",18,BSFHK158/258,Scientific Foundations of Health,YES
"Previous Years QPs/Basic Science (Physics, Chemistry and Mathematics )/Mathematics, Physics & Chemistry Cycle.pdf",21,BKBKK107/207,Balake Kannada,YES
"Previous Years QPs/Basic Science (Physics, Chemistry and Mathematics )/Mathematics, Physics & Chemistry Cycle.pdf",22,BICOK107/207,Indian Constitution,YES
"Previous Years QPs/Basic Science (Physics, Chemistry and Mathematics )/Mathematics, Physics & Chemistry Cycle.pdf",23,BKSKK107/207,Samkruthika Kannada,YES
"Previous Years QPs/Basic Science (Physics, Chemistry and Mathematics )/Mathematics, Physics & Chemistry Cycle.pdf",24,BMATE201,Mathematics – II for EEE stream,YES
"Previous Years QPs/Basic Science (Physics, Chemistry and Mathematics )/Mathematics, Physics & Chemistry Cycle.pdf",25,BMATM201,Mathematics – II for Mechanical Engineering Stream,YES
"Previous Years QPs/Basic Science (Physics, Chemistry and Mathematics )/Mathematics, Physics & Chemistry Cycle.pdf",26,BMATS201,Mathematics – II for CSE Stream,YES
"Previous Years QPs/Basic Science (Physics, Chemistry and Mathematics )/Mathematics, Physics & Chemistry Cycle.pdf",27,BMATC201,Mathematics – II for Civil Engineering Stream,YES
"Previous Years QPs/Basic Science (Physics, Chemistry and Mathematics )/Mathematics, Physics & Chemistry Cycle.pdf",28,BPHYC102/202,Applied Physics for Civil Engg Stream,YES
"Previous Years QPs/Basic Science (Physics, Chemistry and Mathematics )/Mathematics, Physics & Chemistry Cycle.pdf",29,BPHYE102/202,Applied Physics for EEE Stream,YES
"Previous Years QPs/Basic Science (Physics, Chemistry and Mathematics )/Mathematics, Physics & Chemistry Cycle.pdf",30,BPHYM102/202,Physics for M E Stream,YES
"Previous Years QPs/Basic Science (Physics, Chemistry and Mathematics )/Mathematics, Physics & Chemistry Cycle.pdf",31,BPHYS102/202,Applied Physics for CSE Stream,YES
"Previous Years QPs/Basic Science (Physics, Chemistry and Mathematics )/Mathematics, Physics & Chemistry Cycle.pdf",,BENGK106/206/22BD17,,DETECTED_NOT_IN_INDEX
"Previous Years QPs/Basic Science (Physics, Chemistry and Mathematics )/Mathematics, Physics & Chemistry Cycle.pdf",,BESCK104A/BESCKA104,,DETECTED_NOT_IN_INDEX
"Previous Years QPs/Basic Science (Physics, Chemistry and Mathematics )/Mathematics, Physics & Chemistry Cycle.pdf",,BESCK104B,,DETECTED_NOT_IN_INDEX
"Previous Years QPs/Basic Science (Physics, Chemistry and Mathematics )/Mathematics, Physics & Chemistry Cycle.pdf",,BESCK104E,,DETECTED_NOT_IN_INDEX
"Previous Years QPs/Basic Science (Physics, Chemistry and Mathematics )/Mathematics, Physics & Chemistry Cycle.pdf",,BESCK204B,,DETECTED_NOT_IN_INDEX
"Previous Years QPs/Basic Science (Physics, Chemistry and Mathematics )/Mathematics, Physics & Chemistry Cycle.pdf",,BESCK204D,,DETECTED_NOT_IN_INDEX
"Previous Years QPs/Basic Science (Physics, Chemistry and Mathematics )/Mathematics, Physics & Chemistry Cycle.pdf",,BESCK204E,,DETECTED_NOT_IN_INDEX
"Previous Years QPs/Basic Science (Physics, Chemistry and Mathematics )/Mathematics, Physics & Chemistry Cycle.pdf",,BETCK105B,,DETECTED_NOT_IN_INDEX
"Previous Years QPs/Basic Science (Physics, Chemistry and Mathematics )/Mathematics, Physics & Chemistry Cycle.pdf",,BETCK205B,,DETECTED_NOT_IN_INDEX
"Previous Years QPs/Basic Science (Physics, Chemistry and Mathematics )/Mathematics, Physics & Chemistry Cycle.pdf",,BIDTK158/258/22BD16,,DETECTED_NOT_IN_INDEX
"Previous Years QPs/Basic Science (Physics, Chemistry and Mathematics )/Mathematics, Physics & Chemistry Cycle.pdf",,BMATE101,,DETECTED_NOT_IN_INDEX
"Previous Years QPs/Basic Science (Physics, Chemistry and Mathematics )/Mathematics, Physics & Chemistry Cycle.pdf",,BMATM101,,DETECTED_NOT_IN_INDEX
"Previous Years QPs/Basic Science (Physics, Chemistry and Mathematics )/Mathematics, Physics & Chemistry Cycle.pdf",,BPLCK105B,,DETECTED_NOT_IN_INDEX
"Previous Years QPs/Basic Science (Physics, Chemistry and Mathematics )/Mathematics, Physics & Chemistry Cycle.pdf",,BPLCK205B,,DETECTED_NOT_IN_INDEX
"Previous Years QPs/Basic Science (Physics, Chemistry and Mathematics )/Mathematics, Physics & Chemistry Cycle.pdf",,BPLCK205C,,DETECTED_NOT_IN_INDEX
Previous Years QPs/CS/2023 CSE Even Sem.pdf,1,21BE45,Biology for Engineers,YES
Previous Years QPs/CS/2023 CSE Even Sem.pdf,3,21CS42,Design & Analysis of Algorithms,YES
Previous Years QPs/CS/2023 CSE Even Sem.pdf,4,21CS43,Microcontroller and Embedded Systems,YES
Previous Years QPs/CS/2023 CSE Even Sem.pdf,5,21CS44,Operating System,YES
Previous Years QPs/CS/2023 CSE Even Sem.pdf,6,21KBK47,Balake Kannada,YES
Previous Years QPs/CS/2023 CSE Even Sem.pdf,7,21KSK47,Samskruthika Kannada,NO_MATCH
Previous Years QPs/CS/2023 CSE Even Sem.pdf,8,21UH49,Universal Human Values,YES
Previous Years QPs/CS/2023 CSE Even Sem.pdf,9,18CS61,System Software and Compilers,YES
Previous Years QPs/CS/2023 CSE Even Sem.pdf,10,18CS62,Computer Graphics and Visualization,YES
Previous Years QPs/CS/2023 CSE Even Sem.pdf,12,18CS641,Data Mining and Data Warehousing,YES
Previous Years QPs/CS/2023 CSE Even Sem.pdf,13,18CS651,Mobile Application Development,YES
Previous Years QPs/CS/2023 CSE Even Sem.pdf,14,18CS653,Programming in Java,YES
Previous Years QPs/CS/2023 CSE Even Sem.pdf,15,18CS654,Introduction to Operating System,YES
Previous Years QPs/CS/2023 CSE Even Sem.pdf,16,18CS81,Internet of Things,YES
Previous Years QPs/CS/2023 CSE Even Sem.pdf,17,18CS822,Storage Area Networks,YES
Previous Years QPs/CS/2023 CSE Even Sem.pdf,,21CIP37/21CIP47,,DETECTED_NOT_IN_INDEX
Previous Years QPs/CS/2023 CSE Even Sem.pdf,,18CS63,,DETECTED_NOT_IN_INDEX
Previous Years QPs/CS/2023 CSE Odd sem.pdf,1,18CS51,Management and Entrepreneurship for IT Industry,YES
Previous Years QPs/CS/2023 CSE Odd sem.pdf,2,18CS52,Computer Networks and Security,YES
Previous Years QPs/CS/2023 CSE Odd sem.pdf,3,18CS53,Database Management System,YES
Previous Years QPs/CS/2023 CSE Odd sem.pdf,4,18CS54,Automata Theory and Computability,YES
Previous Years QPs/CS/2023 CSE Odd sem.pdf,5,18CS55,Application Development using Python,YES
Previous Years QPs/CS/2023 CSE Odd sem.pdf,6,18CS56,UNIX Programming,YES
Previous Years QPs/CS/2023 CSE Odd sem.pdf,7,18CIV59,Environmental Studies,YES
Previous Years QPs/CS/2023 CSE Odd sem.pdf,8,18CS71,Artificial Intelligence and Machine Learning,YES
Previous Years QPs/CS/2023 CSE Odd sem.pdf,9,18CS71,Artificial Intelligence and Machine Learning,YES
Previous Years QPs/CS/2023 CSE Odd sem.pdf,10,18CS72,Big data Analytics,YES
Previous Years QPs/CS/2023 CSE Odd sem.pdf,11,18CS72,Big data Analytics,YES
Previous Years QPs/CS/2023 CSE Odd sem.pdf,12,18CS734,User Interface Design,YES
Previous Years QPs/CS/2023 CSE Odd sem.pdf,13,18CS734,User Interface Design,YES
Previous Years QPs/CS/2023 CSE Odd sem.pdf,14,18CS741,Digital Image Processing,YES
Previous Years QPs/CS/2023 CSE Odd sem.pdf,15,18CS741,Digital Image Processing,YES
Previous Years QPs/CS/2023 CSE Odd sem.pdf,16,18CS752,Python Application Programming,YES
Previous Years QPs/CS/2023 CSE Odd sem.pdf,17,21MAT31,"Transform Calculus, Fourier Series and Numerical Techniques",NO_MATCH
Previous Years QPs/CS/2023 CSE Odd sem.pdf,18,21CS32,Data Structures and Applications,YES
Previous Years QPs/CS/2023 CSE Odd sem.pdf,19,21CS33,Analog and Digital Electronics,YES
Previous Years QPs/CS/2023 CSE Odd sem.pdf,20,21CS34,Computer Organization and Architecture,YES
Previous Years QPs/CS/2023 CSE Odd sem.pdf,21,21KBK37,Balake Kannada,YES
Previous Years QPs/CS/2023 CSE Odd sem.pdf,22,21KSK37,Samskruthika Kannada,NO_MATCH
Previous Years QPs/CS/2023 CSE Odd sem.pdf,2,18CS52,"USN Fifth Semester B.E. Degree Examination,",YES
Previous Years QPs/CS/CS qp merged dec2024 jan 2025.pdf,1,21MATCS41,"Mathematical Foundations for Computing, Probability and Statistics",YES
Previous Years QPs/CS/CS qp merged dec2024 jan 2025.pdf,2,21CS51,Automata Theory and Compiler Design,YES
Previous Years QPs/CS/CS qp merged dec2024 jan 2025.pdf,3,21CS52,Computer Networks,YES
Previous Years QPs/CS/CS qp merged dec2024 jan 2025.pdf,4,21CS53,Database Management Systems,YES
Previous Years QPs/CS/CS qp merged dec2024 jan 2025.pdf,5,21RMI56,Research Methodology and Intellectual Property Rights,YES
Previous Years QPs/CS/CS qp merged dec2024 jan 2025.pdf,7,21CS62,Full Stack Development,YES
Previous Years QPs/CS/CS qp merged dec2024 jan 2025.pdf,8,21CS63,Computer Graphics and Fundamentals of Image Processing,YES
Previous Years QPs/CS/CS qp merged dec2024 jan 2025.pdf,9,21CS642,Advanced Java Programming,YES
Previous Years QPs/CS/CS qp merged dec2024 jan 2025.pdf,10,21CS71,Big Data Analytics,YES
Previous Years QPs/CS/CS qp merged dec2024 jan 2025.pdf,11,21CS72,Cloud Computing,YES
Previous Years QPs/CS/CS qp merged dec2024 jan 2025.pdf,12,21CS734,Block Chain Technology,YES
Previous Years QPs/CS/CS qp merged dec2024 jan 2025.pdf,13,21CS735,Internet of Things,YES
Previous Years QPs/CS/CS qp merged dec2024 jan 2025.pdf,14,21CS745,NOSQL Database,YES
Previous Years QPs/CS/CS qp merged dec2024 jan 2025.pdf,15,21CS751,Programming in Python,YES
Previous Years QPs/CS/CS qp merged dec2024 jan 2025.pdf,17,BCS302,Digital Design and Computer Organization,YES
Previous Years QPs/CS/CS qp merged dec2024 jan 2025.pdf,18,BCS303,Operating Systems,YES
Previous Years QPs/CS/CS qp merged dec2024 jan 2025.pdf,19,BCS304,Data Structures and Applications,YES
Previous Years QPs/CS/CS qp merged dec2024 jan 2025.pdf,22,BCS401,Analysis and Design of Algorithms,YES
Previous Years QPs/CS/CS qp merged dec2024 jan 2025.pdf,23,BCS402,Microcontroller,YES
Previous Years QPs/CS/CS qp merged dec2024 jan 2025.pdf,24,BCS403,Database Management System,YES
Previous Years QPs/CS/CS qp merged dec2024 jan 2025.pdf,26,BBOC407,Biology for Engineers (CSE),YES
Previous Years QPs/CS/CS qp merged dec2024 jan 2025.pdf,27,BUHK408,Universal Human Values,YES
Previous Years QPs/CS/CS qp merged dec2024 jan 2025.pdf,28,BCS501,Software Engineering and Project Management,YES
Previous Years QPs/CS/CS qp merged dec2024 jan 2025.pdf,29,BCS502,Computer Networks,YES
Previous Years QPs/CS/CS qp merged dec2024 jan 2025.pdf,30,BCS503,Theory of Computation,YES
Previous Years QPs/CS/CS qp merged dec2024 jan 2025.pdf,31,BCS508,Environmental Studies and E – Waste Management,YES
Previous Years QPs/CS/CS qp merged dec2024 jan 2025.pdf,33,BESK508,Environmental Studies,YES
Previous Years QPs/CS/CS qp merged dec2024 jan 2025.pdf,34,BRMK557,Research Methodology and IPR,YES
Previous Years QPs/CS/CS qp merged dec2024 jan 2025.pdf,,21CS61,,DETECTED_NOT_IN_INDEX
Previous Years QPs/CS/CS qp merged dec2024 jan 2025.pdf,,BDS301,,DETECTED_NOT_IN_INDEX
Previous Years QPs/CS/CS qp merged dec2024 jan 2025.pdf,,BCS306A,,DETECTED_NOT_IN_INDEX
Previous Years QPs/CS/CS qp merged dec2024 jan 2025.pdf,,BCS306B,,DETECTED_NOT_IN_INDEX
Previous Years QPs/CS/CS qp merged dec2024 jan 2025.pdf,,BCS405A,,DETECTED_NOT_IN_INDEX
Previous Years QPs/CS/CS qp merged dec2024 jan 2025.pdf,,BCS515C,,DETECTED_NOT_IN_INDEX
Previous Years QPs/CS/CSE_Even (1).pdf,1,BAD402,Artificial Intelligence,YES
Previous Years QPs/CS/CSE_Even (1).pdf,2,BBOC407,Biology for Engineers (CSE),YES
Previous Years QPs/CS/CSE_Even (1).pdf,3,BCB402,Financial Management,YES
Previous Years QPs/CS/CSE_Even (1).pdf,4,BCS401,Analysis and Design of Algorithms,YES
Previous Years QPs/CS/CSE_Even (1).pdf,5,BCS402,Microcontroller,YES
Previous Years QPs/CS/CSE_Even (1).pdf,6,BCS403,Database Management System,YES
Previous Years QPs/CS/CSE_Even (1).pdf,10,BUHK408,Universal Human Values,YES
Previous Years QPs/CS/CSE_Even (1).pdf,11,21CS61,Software Engineering and Project Management,YES
Previous Years QPs/CS/CSE_Even (1).pdf,12,21CS62,Full Stack Development,YES
Previous Years QPs/CS/CSE_Even (1).pdf,13,21CS644,Data Science and Visualization,YES
Previous Years QPs/CS/CSE_Even (1).pdf,14,21MAT655,Advanced Linear Algebra,YES
Previous Years QPs/CS/CSE_Even (1).pdf,15,18CS42,Design and Analysis of Algorithm,YES
Previous Years QPs/CS/CSE_Even (1).pdf,16,18CS43,Operating Systems,YES
Previous Years QPs/CS/CSE_Even (1).pdf,17,18CS44,Microcontroller and Embedded Systems,YES
Previous Years QPs/CS/CSE_Even (1).pdf,18,18CS45,Object Oriented Concepts,YES
Previous Years QPs/CS/CSE_Even (1).pdf,19,18CS46,Data Communication,YES
Previous Years QPs/CS/CSE_Even (1).pdf,20,18CS61,System Software and Compilers,YES
Previous Years QPs/CS/CSE_Even (1).pdf,21,18CS62,Computer Graphics and Visualization,YES
Previous Years QPs/CS/CSE_Even (1).pdf,22,18CS63,Web Technology and its Applications,YES
Previous Years QPs/CS/CSE_Even (1).pdf,23,18CS641,Data Mining and Data Warehousing,YES
Previous Years QPs/CS/CSE_Even (1).pdf,24,18CS651,Mobile Application Development,YES
Previous Years QPs/CS/CSE_Even (1).pdf,25,18CS653,Programming in Java,YES
Previous Years QPs/CS/CSE_Even (1).pdf,26,18MAT41,"Complex Analysis, Probability and Statistical Methods",YES
Previous Years QPs/CS/CSE_Even (1).pdf,,BCS405A,,DETECTED_NOT_IN_INDEX
Previous Years QPs/CS/CSE_Even (1).pdf,,BCS456B,,DETECTED_NOT_IN_INDEX
Previous Years QPs/CS/CSE_Even (1).pdf,,BCS456C,,DETECTED_NOT_IN_INDEX
Previous Years QPs/CV/2022-CV-Even Sem.pdf,1,18MAT31,"TRANSFORM CALCULUS, FOURIER SERIES AND NUMERICAL TECHNIQUES",YES
Previous Years QPs/CV/2022-CV-Even Sem.pdf,2,18CV32,STRENGTH OF MATERIALS,YES
Previous Years QPs/CV/2022-CV-Even Sem.pdf,3,18CV33,FLUID MECHANICS,YES
Previous Years QPs/CV/2022-CV-Even Sem.pdf,4,18CV34,BUILDING MATERIALS AND CONSTRUCTION,YES
Previous Years QPs/CV/2022-CV-Even Sem.pdf,5,18CV35,BASIC SURVEYING,YES
Previous Years QPs/CV/2022-CV-Even Sem.pdf,6,18CV36,ENGINEERING GEOLOGY,YES
Previous Years QPs/CV/2022-CV-Even Sem.pdf,7,18MATDIP31,ADDITIONAL MATHEMATICS – I,YES
Previous Years QPs/CV/2022-CV-Even Sem.pdf,8,18MAT41,"COMPLEX ANALYSIS, PROBABILITY AND STATISTICAL METHODS",YES
Previous Years QPs/CV/2022-CV-Even Sem.pdf,9,18CV42,ANALYSIS OF DETERMINATE STRUCTURES,YES
Previous Years QPs/CV/2022-CV-Even Sem.pdf,10,18CV43,APPLIED HYDRAULICS,YES
Previous Years QPs/CV/2022-CV-Even Sem.pdf,11,18CV44,CONCRETE TECHNOLOGY,YES
Previous Years QPs/CV/2022-CV-Even Sem.pdf,12,18CV45,ADVANCE SURVEYING,YES
Previous Years QPs/CV/2022-CV-Even Sem.pdf,13,18CV46,WATER SUPPLY AND TREATMENT ENGINEERING,YES
Previous Years QPs/CV/2022-CV-Even Sem.pdf,14,18CV51,CONSTRUCTION MANAGEMENT AND ENTREPRENEURSHIP,YES
Previous Years QPs/CV/2022-CV-Even Sem.pdf,15,18CV52,ANALYSIS OF INDETERMINATE STRUCTURES,YES
Previous Years QPs/CV/2022-CV-Even Sem.pdf,16,18CV53,DESIGN OF RC STRUCTURAL ELEMENTS,YES
Previous Years QPs/CV/2022-CV-Even Sem.pdf,17,18CV54,BASIC GEOTECHNICAL ENGINEERING,YES
Previous Years QPs/CV/2022-CV-Even Sem.pdf,18,18CV55,MUNICIPAL WASTEWATER ENGINEERING,YES
Previous Years QPs/CV/2022-CV-Even Sem.pdf,19,18CV56,HIGHWAY ENGINEERING,YES
Previous Years QPs/CV/2022-CV-Even Sem.pdf,20,18CIV59,ENVIRONMENTAL STUDIES,YES
Previous Years QPs/CV/2022-CV-Even Sem.pdf,21,18CV61,DESIGN OF STEEL STRUCTURAL ELEMENTS,YES
Previous Years QPs/CV/2022-CV-Even Sem.pdf,22,18CV62,APPLIED GEOTECHNICAL ENGINEERING,YES
Previous Years QPs/CV/2022-CV-Even Sem.pdf,23,18CV63,HYDROLOGY AND IRRIGATION ENGINEERING,YES
Previous Years QPs/CV/2022-CV-Even Sem.pdf,24,18CV644,GROUND IMPROVEMENT TECHNIQUES,YES
Previous Years QPs/CV/2022-CV-Even Sem.pdf,25,18CV645,"RAILWAYS, HARBOURS, TUNNELING AND AIRPORT",YES
Previous Years QPs/CV/2022-CV-Even Sem.pdf,26,18CV654,SUSTAINABILITY CONCEPTS IN CIVIL ENGINEERING,YES
Previous Years QPs/CV/2022-CV-Even Sem.pdf,27,18CV72,DESIGN OF RCC & STEEL STRUCTURES,YES
Previous Years QPs/CV/2022-CV-Even Sem.pdf,28,18CV732,AIR POLLUTION AND CONTROL,YES
Previous Years QPs/CV/2022-CV-Even Sem.pdf,29,18CV733,PAVEMENT MATERIALS & CONSTRUCTION,YES
Previous Years QPs/CV/2022-CV-Even Sem.pdf,30,18CV745,PAVEMENT MATERIALS & CONSTRUCTION,YES
Previous Years QPs/CV/2022-CV-Even Sem.pdf,31,18CV81,DESIGN OF PRESTRESSED CONCRETE,YES
Previous Years QPs/CV/2022-CV-Even Sem.pdf,32,18CV823,ADVANCED FOUNDATION ENGINEERING,YES
Previous Years QPs/CV/2022-CV-Even Sem.pdf,33,18CV824,REHABILITATION AND RETROFITTING,YES
Previous Years QPs/CV/2022-CV-Odd Sem.pdf,1,18MAT31,"TRANSFORM CALCULUS, FOURIER SERIES AND NUMERICAL TECHNIQUES",YES
Previous Years QPs/CV/2022-CV-Odd Sem.pdf,2,18CV32,STRENGTH OF MATERIALS,YES
Previous Years QPs/CV/2022-CV-Odd Sem.pdf,3,18CV33,FLUIDS MECHANICS,YES
Previous Years QPs/CV/2022-CV-Odd Sem.pdf,4,18CV34,BUILDING MATERIAL AND CONSTRUCITON,YES
Previous Years QPs/CV/2022-CV-Odd Sem.pdf,5,18CV35,BASIC SURVEYING,YES
Previous Years QPs/CV/2022-CV-Odd Sem.pdf,6,18CV36,ENGINEERING GEOLOGY,YES
Previous Years QPs/CV/2022-CV-Odd Sem.pdf,7,18CVL37,COMPUTER AIDED BUILDING PLANNING AND DRAWING,NO_MATCH
Previous Years QPs/CV/2022-CV-Odd Sem.pdf,9,18MATDIP31,ADDITIONAL MATHEMATICS – I,YES
Previous Years QPs/CV/2022-CV-Odd Sem.pdf,11,18CV51,CONSTRUCTION MANAGEMENT AND ENTREPRENEURSHIP,YES
Previous Years QPs/CV/2022-CV-Odd Sem.pdf,12,18CV52,ANALYSIS OF INDETERMINATE STRUCTURES,YES
Previous Years QPs/CV/2022-CV-Odd Sem.pdf,13,18CV53,DESIGN OF RC STRUCTURAL ELEMENTS,YES
Previous Years QPs/CV/2022-CV-Odd Sem.pdf,14,18CV54,BASIC GEOTECHNICAL ENGINEERING,YES
Previous Years QPs/CV/2022-CV-Odd Sem.pdf,15,18CV55,MUNICIPAL WASTEWATER ENGINEERING,YES
Previous Years QPs/CV/2022-CV-Odd Sem.pdf,16,18CV56,HIGHWAY ENGINEERING,YES
Previous Years QPs/CV/2022-CV-Odd Sem.pdf,17,18CIV59,ENVIRONMENTAL STUDIES,YES
Previous Years QPs/CV/2022-CV-Odd Sem.pdf,18,18CV71,QUALITY SURVEYING AND CONTRACT MANAGEMENT,YES
Previous Years QPs/CV/2022-CV-Odd Sem.pdf,19,18CV72,DESIGN OF RCC AND STEEL STRUCTURES,YES
Previous Years QPs/CV/2022-CV-Odd Sem.pdf,20,18CV732,AIR POLLUTION AND CONTROL,YES
Previous Years QPs/CV/2022-CV-Odd Sem.pdf,21,18CV733,PAVEMENT MATERIALS AND CONSTRUCTION,YES
Previous Years QPs/CV/2022-CV-Odd Sem.pdf,22,18CV745,URBAN TRANSPORT PLANNING,YES
Previous Years QPs/CV/2022-CV-Odd Sem.pdf,23,18CV752,NUMERICAL METHODS AND APPLICATIONS,YES
Previous Years QPs/CV/2022-CV-Odd Sem.pdf,24,18CV753,ENVIRONMENTAL PROTECTION AND MANAGEMENT,YES
Previous Years QPs/CV/2022-CV-Odd Sem.pdf,25,18MAT753,ADVANCED MATHEMATICSL METHODS,NO_MATCH
Previous Years QPs/CV/2022-CV-Odd Sem.pdf,,18CPC39/49,,DETECTED_NOT_IN_INDEX
Previous Years QPs/CV/2022-CV-Odd Sem.pdf,,MATDIP301,,DETECTED_NOT_IN_INDEX
Previous Years QPs/CV/CIV_Odd- Dec-jan 2025.pdf,1,BCV301,Strength of Materials,YES
Previous Years QPs/CV/CIV_Odd- Dec-jan 2025.pdf,2,BCV302,Engineering Survey,YES
Previous Years QPs/CV/CIV_Odd- Dec-jan 2025.pdf,3,BCV303,Engineering Geology,YES
Previous Years QPs/CV/CIV_Odd- Dec-jan 2025.pdf,4,BCV501,Construction Management and Entrepreneurship,YES
Previous Years QPs/CV/CIV_Odd- Dec-jan 2025.pdf,5,BCV503,Concrete TechnologyDesign of Steel Structural Elements,YES
Previous Years QPs/CV/CIV_Odd- Dec-jan 2025.pdf,7,BESK508,Environmental Studies,YES
Previous Years QPs/CV/CIV_Odd- Dec-jan 2025.pdf,9,BRMK557,Research Methodology and IPR,YES
Previous Years QPs/CV/CIV_Odd- Dec-jan 2025.pdf,10,21CIV57,Environmental Studies,YES
Previous Years QPs/CV/CIV_Odd- Dec-jan 2025.pdf,11,21CV51,Hydrology and Water Resource Engineering,YES
Previous Years QPs/CV/CIV_Odd- Dec-jan 2025.pdf,12,21CV52,Transportation Engineering,YES
Previous Years QPs/CV/CIV_Odd- Dec-jan 2025.pdf,13,21CV53,Design of RC Structural Elements,YES
Previous Years QPs/CV/CIV_Odd- Dec-jan 2025.pdf,14,21CV54,Geotechnical Engineering,YES
Previous Years QPs/CV/CIV_Odd- Dec-jan 2025.pdf,15,21CV71,Quantity Survey and Contract Management,YES
Previous Years QPs/CV/CIV_Odd- Dec-jan 2025.pdf,16,21CV72,Construction Technology for Substructures and Super Structures,YES
Previous Years QPs/CV/CIV_Odd- Dec-jan 2025.pdf,17,21CV733,Pavement Materials and Construction,YES
Previous Years QPs/CV/CIV_Odd- Dec-jan 2025.pdf,18,21CV736,"Repair, Retrofitting and Rehabilitation of Structures",YES
Previous Years QPs/CV/CIV_Odd- Dec-jan 2025.pdf,19,21CV742,Ground Improvement Technique,YES
Previous Years QPs/CV/CIV_Odd- Dec-jan 2025.pdf,20,21CV743,Pavement Design,YES
Previous Years QPs/CV/CIV_Odd- Dec-jan 2025.pdf,21,21CV753,Environmental Protection and Management,YES
Previous Years QPs/CV/CIV_Odd- Dec-jan 2025.pdf,22,21MAT755,Advanced Mathematical Methods,YES
Previous Years QPs/CV/CIV_Odd- Dec-jan 2025.pdf,23,18CV32,Strength of Materials,YES
Previous Years QPs/CV/CIV_Odd- Dec-jan 2025.pdf,24,18CV33,Fluid Mechanics,YES
Previous Years QPs/CV/CIV_Odd- Dec-jan 2025.pdf,25,18CV52,Analysis of Indeterminate Structures,YES
Previous Years QPs/CV/CIV_Odd- Dec-jan 2025.pdf,26,18CV53,Design of RC Structural Elements,YES
Previous Years QPs/CV/CIV_Odd- Dec-jan 2025.pdf,27,18CV54,Basic Geotechnical Engineering,YES
Previous Years QPs/CV/CIV_Odd- Dec-jan 2025.pdf,28,18CV55,Municipal Waste Water Engineering,YES
Previous Years QPs/CV/CIV_Odd- Dec-jan 2025.pdf,29,18CV732,Air Pollution and Control,YES
Previous Years QPs/CV/CIV_Odd- Dec-jan 2025.pdf,30,18CV733,Pavement Materials and Construction,YES
Previous Years QPs/CV/CIV_Odd- Dec-jan 2025.pdf,31,18CV745,Urban Transport Planning,YES
Previous Years QPs/CV/CIV_Odd- Dec-jan 2025.pdf,32,18CV753,Environmental Protection and Management,YES
Previous Years QPs/CV/CIV_Odd- Dec-jan 2025.pdf,33,18MAT31,"Transform Calculus, Fourier Series and Numerical Techniques",YES
Previous Years QPs/CV/CIV_Odd- Dec-jan 2025.pdf,34,18MAT753,Advanced Mathematical Methods,YES
Previous Years QPs/CV/CIV_Odd- Dec-jan 2025.pdf,,BCV515D,,DETECTED_NOT_IN_INDEX
Previous Years QPs/CV/CIV_Odd- Dec-jan 2025.pdf,,BMATEC301/BEC301/BBM301,,DETECTED_NOT_IN_INDEX
Previous Years QPs/CV/CV QP Dec 2024- Jan 2025.pdf,1,21CV384,Infrastructure Finance,YES
Previous Years QPs/CV/CV QP Dec 2024- Jan 2025.pdf,2,21CV43,Public Health Engineering,YES
Previous Years QPs/CV/CV QP Dec 2024- Jan 2025.pdf,3,21CV51,Hydrology and Water Resource Engineering,YES
Previous Years QPs/CV/CV QP Dec 2024- Jan 2025.pdf,4,21CV52,Transportation Engineering,YES
Previous Years QPs/CV/CV QP Dec 2024- Jan 2025.pdf,5,21CV53,Design of RC Structural Elements,YES
Previous Years QPs/CV/CV QP Dec 2024- Jan 2025.pdf,6,21CV54,Geotechnical Engineering,YES
Previous Years QPs/CV/CV QP Dec 2024- Jan 2025.pdf,7,21CIV57,Environmental Studies,YES
Previous Years QPs/CV/CV QP Dec 2024- Jan 2025.pdf,8,21CV646,Alternative Building Materials,YES
Previous Years QPs/CV/CV QP Dec 2024- Jan 2025.pdf,9,21CV71,Quantity Survey and Contract Management,YES
Previous Years QPs/CV/CV QP Dec 2024- Jan 2025.pdf,10,21CV72,Construction Technology for Substructures and Super,YES
Previous Years QPs/CV/CV QP Dec 2024- Jan 2025.pdf,11,21CV731,Advanced Design of RCC and Steel Structures,YES
Previous Years QPs/CV/CV QP Dec 2024- Jan 2025.pdf,12,21CV742,Ground Improvement Technique,YES
Previous Years QPs/CV/CV QP Dec 2024- Jan 2025.pdf,13,BCV301,Strength of Materials,YES
Previous Years QPs/CV/CV QP Dec 2024- Jan 2025.pdf,14,BCV302,Engineering Survey,YES
Previous Years QPs/CV/CV QP Dec 2024- Jan 2025.pdf,15,BCV303,Engineering Geology,YES
Previous Years QPs/CV/CV QP Dec 2024- Jan 2025.pdf,16,BCV304,Water Supply and Wastewater Engineering,YES
Previous Years QPs/CV/CV QP Dec 2024- Jan 2025.pdf,18,BCV401,Analysis of Structures,YES
Previous Years QPs/CV/CV QP Dec 2024- Jan 2025.pdf,19,BCV402,Fluid Mechanics and Hydraulics,YES
Previous Years QPs/CV/CV QP Dec 2024- Jan 2025.pdf,20,BCV403,Transportation Engineering,YES
Previous Years QPs/CV/CV QP Dec 2024- Jan 2025.pdf,22,BBOK407,Biology for Engineers,YES
Previous Years QPs/CV/CV QP Dec 2024- Jan 2025.pdf,23,BUHK408,Universal Human Values,YES
Previous Years QPs/CV/CV QP Dec 2024- Jan 2025.pdf,24,BCV501,Construction Management and Entrepreneurship,YES
Previous Years QPs/CV/CV QP Dec 2024- Jan 2025.pdf,25,BCV502,Geotechnical Engineering,YES
Previous Years QPs/CV/CV QP Dec 2024- Jan 2025.pdf,26,BCV503,Concrete Technology,YES
Previous Years QPs/CV/CV QP Dec 2024- Jan 2025.pdf,27,BESK508,Environmental Studies,YES
Previous Years QPs/CV/CV QP Dec 2024- Jan 2025.pdf,29,BRMK557,Research Methodology and IPR,YES
Previous Years QPs/CV/CV QP Dec 2024- Jan 2025.pdf,,BCV306C,,DETECTED_NOT_IN_INDEX
Previous Years QPs/CV/CV QP Dec 2024- Jan 2025.pdf,,BCV456C,,DETECTED_NOT_IN_INDEX
Previous Years QPs/CV/CV QP Dec 2024- Jan 2025.pdf,,BCV515C,,DETECTED_NOT_IN_INDEX
Previous Years QPs/EC/2023 ECE Even sem.pdf,1,21BE45,Biology for Engineers,YES
Previous Years QPs/EC/2023 ECE Even sem.pdf,3,21EC42,Digital Signal Processing,YES
Previous Years QPs/EC/2023 ECE Even sem.pdf,4,21EC43,Circuits and Controls,YES
Previous Years QPs/EC/2023 ECE Even sem.pdf,5,21EC44,Communication Theory,YES
Previous Years QPs/EC/2023 ECE Even sem.pdf,6,21KBK47,Balake Kannada,YES
Previous Years QPs/EC/2023 ECE Even sem.pdf,7,21KSK47,Samskruthika Kannada,YES
Previous Years QPs/EC/2023 ECE Even sem.pdf,8,21UH49,Universal Human Values,YES
Previous Years QPs/EC/2023 ECE Even sem.pdf,9,18EC61,Digital Communication,YES
Previous Years QPs/EC/2023 ECE Even sem.pdf,10,18EC62,Embedded Systems,YES
Previous Years QPs/EC/2023 ECE Even sem.pdf,12,18EC644,Digital System Design Using Verilog,YES
Previous Years QPs/EC/2023 ECE Even sem.pdf,13,18EC81,Wireless and Cellular Communication,YES
Previous Years QPs/EC/2023 ECE Even sem.pdf,14,18EC821,Network Security,YES
Previous Years QPs/EC/2023 ECE Even sem.pdf,,21CIP37/21CIP47,,DETECTED_NOT_IN_INDEX
Previous Years QPs/EC/2023 ECE Even sem.pdf,,18EC63,,DETECTED_NOT_IN_INDEX
Previous Years QPs/EC/2023 ECE Odd sem.pdf,1,18ES51,Technological Innovation Management and Entrepreneurship,YES
Previous Years QPs/EC/2023 ECE Odd sem.pdf,2,18EC52,Digital Signal Processing,YES
Previous Years QPs/EC/2023 ECE Odd sem.pdf,3,18EC53,Principles of Communication Systems,YES
Previous Years QPs/EC/2023 ECE Odd sem.pdf,4,18EC54,Information Theory & Coding,YES
Previous Years QPs/EC/2023 ECE Odd sem.pdf,5,18EC55,Electromagnetic Waves,YES
Previous Years QPs/EC/2023 ECE Odd sem.pdf,6,18EC56,Verilog HDL,YES
Previous Years QPs/EC/2023 ECE Odd sem.pdf,7,18CIV59,Environmental Studies,YES
Previous Years QPs/EC/2023 ECE Odd sem.pdf,8,18EC71,Computer Networks,YES
Previous Years QPs/EC/2023 ECE Odd sem.pdf,9,18EC71,Computer Networks,YES
Previous Years QPs/EC/2023 ECE Odd sem.pdf,10,18EC72,VLSI Design,YES
Previous Years QPs/EC/2023 ECE Odd sem.pdf,11,18EC72,VLSI Design,YES
Previous Years QPs/EC/2023 ECE Odd sem.pdf,12,18EC733,Digital Image Processing,YES
Previous Years QPs/EC/2023 ECE Odd sem.pdf,13,18EC733,Digital Image Processing,YES
Previous Years QPs/EC/2023 ECE Odd sem.pdf,14,18EC741,IoT and Wireless Sensor Networks,YES
Previous Years QPs/EC/2023 ECE Odd sem.pdf,15,18EC741,IoT and Wireless Sensor Networks,YES
Previous Years QPs/EC/2023 ECE Odd sem.pdf,16,21MAT31,"Transform Calculus, Fourier Series and Numerical Techniques",NO_MATCH
Previous Years QPs/EC/2023 ECE Odd sem.pdf,17,21EC32,Digital System Design using Verilog,YES
Previous Years QPs/EC/2023 ECE Odd sem.pdf,18,21EC33,Basic Signal Processing,YES
Previous Years QPs/EC/2023 ECE Odd sem.pdf,19,21EC34,Analog Electronic Circuits,YES
Previous Years QPs/EC/2023 ECE Odd sem.pdf,20,21CIP37,Constitution of India and professional ethics,YES
Previous Years QPs/EC/EC QP Merged june-july 2024.pdf,1,18EC32,Network Theory,YES
Previous Years QPs/EC/EC QP Merged june-july 2024.pdf,2,18EC34,Digital System Design,YES
Previous Years QPs/EC/EC QP Merged june-july 2024.pdf,3,18EC42,Analog Circuits,YES
Previous Years QPs/EC/EC QP Merged june-july 2024.pdf,4,18EC43,Control Systems,YES
Previous Years QPs/EC/EC QP Merged june-july 2024.pdf,5,18EC52,Digital Signal Processing,YES
Previous Years QPs/EC/EC QP Merged june-july 2024.pdf,6,18EC53,Principles of Communication Systems,YES
Previous Years QPs/EC/EC QP Merged june-july 2024.pdf,7,18EC55,Electromagnetic Waves,YES
Previous Years QPs/EC/EC QP Merged june-july 2024.pdf,8,18EC731,Real Time Systems,YES
Previous Years QPs/EC/EC QP Merged june-july 2024.pdf,9,18EC81,Wireless and Cellular Communication,YES
Previous Years QPs/EC/EC QP Merged june-july 2024.pdf,10,18EC821,Network Security,YES
Previous Years QPs/EC/EC QP Merged june-july 2024.pdf,13,21EC32,Digital System Design using Verilog,YES
Previous Years QPs/EC/EC QP Merged june-july 2024.pdf,14,21EC33,Basic Signal Processing,YES
Previous Years QPs/EC/EC QP Merged june-july 2024.pdf,15,21EC42,Digital Signal Processing,YES
Previous Years QPs/EC/EC QP Merged june-july 2024.pdf,16,21EC44,Communication Theory,YES
Previous Years QPs/EC/EC QP Merged june-july 2024.pdf,17,21EC51,Digital Communication,YES
Previous Years QPs/EC/EC QP Merged june-july 2024.pdf,18,21EC52,Computer Organization and ARM Microcontroller,NO_MATCH
Previous Years QPs/EC/EC QP Merged june-july 2024.pdf,19,21EC53,Computer Communication Networks,NO_MATCH
Previous Years QPs/EC/EC QP Merged june-july 2024.pdf,20,21EC54,Electromagnetic Waves,NO_MATCH
Previous Years QPs/EC/EC QP Merged june-july 2024.pdf,21,21RMI56,Research Methodology and Intellectual Property Rights,YES
Previous Years QPs/EC/EC QP Merged june-july 2024.pdf,23,21EC62,Microwave Theory and Antennas,YES
Previous Years QPs/EC/EC QP Merged june-july 2024.pdf,24,21EC63,VLSI Design and Testing,YES
Previous Years QPs/EC/EC QP Merged june-july 2024.pdf,25,21EC642,Cryptography,YES
Previous Years QPs/EC/EC QP Merged june-july 2024.pdf,26,BBEE103/203,Basic Electronics for EEE Stream,YES
Previous Years QPs/EC/EC QP Merged june-july 2024.pdf,27,BMATEC301/BBM301,AV Mathematics – III for EC/BM Engineering,YES
Previous Years QPs/EC/EC QP Merged june-july 2024.pdf,28,BEC302,Digital System Design using Verilog,YES
Previous Years QPs/EC/EC QP Merged june-july 2024.pdf,29,BEC303,Electronic Principles and Circuits,YES
Previous Years QPs/EC/EC QP Merged june-july 2024.pdf,30,BEC304,Network Analysis,YES
Previous Years QPs/EC/EC QP Merged june-july 2024.pdf,32,BEC401,Electromagnetic s Theory,YES
Previous Years QPs/EC/EC QP Merged june-july 2024.pdf,33,BEC402,Principle s of Communication Systems,YES
Previous Years QPs/EC/EC QP Merged june-july 2024.pdf,34,BEC403,Control Systems,YES
Previous Years QPs/EC/EC QP Merged june-july 2024.pdf,36,BBOK407,Biology for Engineers,YES
Previous Years QPs/EC/EC QP Merged june-july 2024.pdf,,21ELE13/23,,DETECTED_NOT_IN_INDEX
Previous Years QPs/EC/EC QP Merged june-july 2024.pdf,,21ELN14/24,,DETECTED_NOT_IN_INDEX
Previous Years QPs/EC/EC QP Merged june-july 2024.pdf,,BEC306C,,DETECTED_NOT_IN_INDEX
Previous Years QPs/EC/EC QP Merged june-july 2024.pdf,,BEC405A,,DETECTED_NOT_IN_INDEX
Previous Years QPs/EC/EC- Dec-jan 2024.pdf,1,21EC33,Basic Signal Processing,YES
Previous Years QPs/EC/EC- Dec-jan 2024.pdf,2,21EC42,Digital Signal Processing,YES
Previous Years QPs/EC/EC- Dec-jan 2024.pdf,3,21EC43,Circuits and Controls,YES
Previous Years QPs/EC/EC- Dec-jan 2024.pdf,4,21EC52,Computer Organization and ARM Microcontrollers,YES
Previous Years QPs/EC/EC- Dec-jan 2024.pdf,5,21EC54,Electromagnetic Waves,YES
Previous Years QPs/EC/EC- Dec-jan 2024.pdf,7,21EC62,Microwave Theory and Antennas,YES
Previous Years QPs/EC/EC- Dec-jan 2024.pdf,8,21EC63,VLSI Design and Testing,YES
Previous Years QPs/EC/EC- Dec-jan 2024.pdf,10,21EC71,Advanced VLSI,YES
Previous Years QPs/EC/EC- Dec-jan 2024.pdf,11,21EC72,Optical and Wireless Communication,YES
Previous Years QPs/EC/EC- Dec-jan 2024.pdf,12,21EC732,Digital Image Processing,YES
Previous Years QPs/EC/EC- Dec-jan 2024.pdf,13,21EC742,Network Security,YES
Previous Years QPs/EC/EC- Dec-jan 2024.pdf,15,BEC302,Digital System Design using Verilog,YES
Previous Years QPs/EC/EC- Dec-jan 2024.pdf,16,BEC303,Electronic Principles and Circuits,YES
Previous Years QPs/EC/EC- Dec-jan 2024.pdf,17,BEC304,Network Analysis,YES
Previous Years QPs/EC/EC- Dec-jan 2024.pdf,19,BEC401,Electromagnetic Theory,YES
Previous Years QPs/EC/EC- Dec-jan 2024.pdf,20,BEC402,Principles of Communication Systems,YES
Previous Years QPs/EC/EC- Dec-jan 2024.pdf,21,BEC403,Control Systems,YES
Previous Years QPs/EC/EC- Dec-jan 2024.pdf,23,BBOK407,Biology for Engineers,YES
Previous Years QPs/EC/EC- Dec-jan 2024.pdf,24,BUHK408,Universal Human Values,YES
Previous Years QPs/EC/EC- Dec-jan 2024.pdf,25,BEC501,Technological Innovation and Management Entrepreneurship,YES
Previous Years QPs/EC/EC- Dec-jan 2024.pdf,26,BEC502,Digital Signal Processing,YES
Previous Years QPs/EC/EC- Dec-jan 2024.pdf,27,BEC503,Digital Communication,YES
Previous Years QPs/EC/EC- Dec-jan 2024.pdf,28,BESK508,Environmental Studies,YES
Previous Years QPs/EC/EC- Dec-jan 2024.pdf,30,BRMK557,Research Methodology and IPR,YES
Previous Years QPs/EC/EC- Dec-jan 2024.pdf,,21EC642,,DETECTED_NOT_IN_INDEX
Previous Years QPs/EC/EC- Dec-jan 2024.pdf,,BMATEC301/BEC301/BBM301,,DETECTED_NOT_IN_INDEX
Previous Years QPs/EC/EC- Dec-jan 2024.pdf,,BEC306C,,DETECTED_NOT_IN_INDEX
Previous Years QPs/EC/EC- Dec-jan 2024.pdf,,BEC405A,,DETECTED_NOT_IN_INDEX
Previous Years QPs/EC/EC- Dec-jan 2024.pdf,,BEC515D,,DETECTED_NOT_IN_INDEX
Previous Years QPs/EC/EC_Even.pdf,1,BBOK407,Biology for Engineers,YES
Previous Years QPs/EC/EC_Even.pdf,2,BEC401,Electromagnetic Theory,YES
Previous Years QPs/EC/EC_Even.pdf,3,BEC402,Principles of Communication Systems,YES
Previous Years QPs/EC/EC_Even.pdf,4,BEC403,Control Systems,YES
Previous Years QPs/EC/EC_Even.pdf,5,BUHK408,Universal Human Values,YES
Previous Years QPs/EC/EC_Even.pdf,7,21EC62,Microwave Theory and Antennas,YES
Previous Years QPs/EC/EC_Even.pdf,8,21EC63,VLSI Design and Testing,YES
Previous Years QPs/EC/EC_Even.pdf,9,21EC641,Artificial Neural Networks,YES
Previous Years QPs/EC/EC_Even.pdf,10,21EC643,Python Programming,YES
Previous Years QPs/EC/EC_Even.pdf,11,21MAT655,Advanced Linear Algebra,YES
Previous Years QPs/EC/EC_Even.pdf,12,18EC42,Analog Circuits,YES
Previous Years QPs/EC/EC_Even.pdf,13,18EC43,Control Systems,YES
Previous Years QPs/EC/EC_Even.pdf,14,18EC44,Engineering Statistics and Linear Algebra,YES
Previous Years QPs/EC/EC_Even.pdf,15,18EC45,Signals and Systems,YES
Previous Years QPs/EC/EC_Even.pdf,16,18EC61,Digital Communication,YES
Previous Years QPs/EC/EC_Even.pdf,17,18EC62,Embedded Systems,YES
Previous Years QPs/EC/EC_Even.pdf,18,18EC63,Microwave and Antenna,YES
Previous Years QPs/EC/EC_Even.pdf,19,18EC642,Artificial Neural Networks,YES
Previous Years QPs/EC/EC_Even.pdf,20,18EC643,Data Structure using C++,YES
Previous Years QPs/EC/EC_Even.pdf,21,18MAT41,"Complex Analysis, Probability and Statistical Methods",YES
Previous Years QPs/EC/EC_Odd.pdf,1,BEC302,Digital System Design using Verilog,YES
Previous Years QPs/EC/EC_Odd.pdf,2,BEC303,Electronic Principles and Circuits,YES
Previous Years QPs/EC/EC_Odd.pdf,3,BEC304,Network Analysis,YES
Previous Years QPs/EC/EC_Odd.pdf,4,BEC501,Technological Innovation and Management Entrepreneurship,YES
Previous Years QPs/EC/EC_Odd.pdf,5,BEC502,Digital Signal Processing,YES
Previous Years QPs/EC/EC_Odd.pdf,6,BEC503,Digital Communication,YES
Previous Years QPs/EC/EC_Odd.pdf,10,BESK508,Environmental Studies,YES
Previous Years QPs/EC/EC_Odd.pdf,12,BRMK557,Research Methodology and IPR,YES
Previous Years QPs/EC/EC_Odd.pdf,13,21EC51,Digital Communication,YES
Previous Years QPs/EC/EC_Odd.pdf,14,21EC52,Computer Organization and ARM Microcontrollers,YES
Previous Years QPs/EC/EC_Odd.pdf,15,21EC53,Computer Communication Networks,YES
Previous Years QPs/EC/EC_Odd.pdf,16,21EC54,Electromagnetic Waves,YES
Previous Years QPs/EC/EC_Odd.pdf,17,21EC71,Advanced VLSI,YES
Previous Years QPs/EC/EC_Odd.pdf,18,21EC72,Optical and Wireless Communication,YES
Previous Years QPs/EC/EC_Odd.pdf,19,21EC732,Digital Image Processing,YES
Previous Years QPs/EC/EC_Odd.pdf,20,21EC733,DSP Algorithms and Architectures,YES
Previous Years QPs/EC/EC_Odd.pdf,21,21EC741,IoT and Wireless Sensor Networks,YES
Previous Years QPs/EC/EC_Odd.pdf,22,21EC745,Multimedia Communication,YES
Previous Years QPs/EC/EC_Odd.pdf,23,21MAT755,Advanced Mathematical Methods,YES
Previous Years QPs/EC/EC_Odd.pdf,24,21RMI56,Research Methodology and Intellectual Property Rights,YES
Previous Years QPs/EC/EC_Odd.pdf,25,18EC32,Network Theory,YES
Previous Years QPs/EC/EC_Odd.pdf,26,18EC33,Electronic Devices,YES
Previous Years QPs/EC/EC_Odd.pdf,27,18EC34,Digital System Design,YES
Previous Years QPs/EC/EC_Odd.pdf,28,18EC52,Digital Signal Processing,YES
Previous Years QPs/EC/EC_Odd.pdf,29,18EC53,Principles of Communication Systems,YES
Previous Years QPs/EC/EC_Odd.pdf,30,18EC54,Information Theory and Coding,YES
Previous Years QPs/EC/EC_Odd.pdf,31,18EC55,Electromagnetic Wave,YES
Previous Years QPs/EC/EC_Odd.pdf,32,18MAT31,"Transform Calculus, Fourier Series and Numerical Techniques",YES
Previous Years QPs/EC/EC_Odd.pdf,33,18MAT753,Advanced Mathematical Methods,YES
Previous Years QPs/EC/EC_Odd.pdf,,BEC515A,,DETECTED_NOT_IN_INDEX
Previous Years QPs/EC/EC_Odd.pdf,,BEC515C,,DETECTED_NOT_IN_INDEX
Previous Years QPs/EC/EC_Odd.pdf,,BEC515D,,DETECTED_NOT_IN_INDEX
Previous Years QPs/EC/EC_Odd.pdf,,BMATEC301/BEC301/BBM301,,DETECTED_NOT_IN_INDEX
Previous Years QPs/IS/2023 ISE Even sem.pdf,1,21BE45,Biology for Engineers,YES
Previous Years QPs/IS/2023 ISE Even sem.pdf,3,21CS42,Design & Analysis of Algorithms,YES
Previous Years QPs/IS/2023 ISE Even sem.pdf,4,21CS43,Microcontroller and Embedded Systems,YES
Previous Years QPs/IS/2023 ISE Even sem.pdf,5,21CS44,Operating System,YES
Previous Years QPs/IS/2023 ISE Even sem.pdf,6,21KBK47,Balake Kannada,YES
Previous Years QPs/IS/2023 ISE Even sem.pdf,7,21KSK47,Samskruthika Kannada,YES
Previous Years QPs/IS/2023 ISE Even sem.pdf,8,21UH49,Universal Human Values,YES
Previous Years QPs/IS/2023 ISE Even sem.pdf,9,18CS61,System Software and Compilers,YES
Previous Years QPs/IS/2023 ISE Even sem.pdf,10,18CS62,Computer Graphics and Visualization,YES
Previous Years QPs/IS/2023 ISE Even sem.pdf,12,18CS641,Data Mining and Data Warehousing,YES
Previous Years QPs/IS/2023 ISE Even sem.pdf,13,18CS651,Mobile Application Development,YES
Previous Years QPs/IS/2023 ISE Even sem.pdf,14,18CS653,Programming in Java,YES
Previous Years QPs/IS/2023 ISE Even sem.pdf,15,18CS654,Introduction to Operating System,YES
Previous Years QPs/IS/2023 ISE Even sem.pdf,16,18CS81,Internet of Things,YES
Previous Years QPs/IS/2023 ISE Even sem.pdf,17,18CS822,Storage Area Networks,YES
Previous Years QPs/IS/2023 ISE Even sem.pdf,,21CIP37/21CIP47,,DETECTED_NOT_IN_INDEX
Previous Years QPs/IS/2023 ISE Even sem.pdf,,18CS63,,DETECTED_NOT_IN_INDEX
Previous Years QPs/IS/2023 ISE Odd sem.pdf,1,18CS51,Management and Entrepreneurship for IT Industry,YES
Previous Years QPs/IS/2023 ISE Odd sem.pdf,2,18CS52,Computer Networks and Security,YES
Previous Years QPs/IS/2023 ISE Odd sem.pdf,3,18CS53,Database Management System,YES
Previous Years QPs/IS/2023 ISE Odd sem.pdf,4,18CS54,Automata Theory and Computability,YES
Previous Years QPs/IS/2023 ISE Odd sem.pdf,5,18CS55,Application Development using Python,YES
Previous Years QPs/IS/2023 ISE Odd sem.pdf,6,18CS56,UNIX Programming,YES
Previous Years QPs/IS/2023 ISE Odd sem.pdf,7,18CIV59,Environmental Studies,YES
Previous Years QPs/IS/2023 ISE Odd sem.pdf,8,18CS71,Artificial Intelligence and Machine Learning,YES
Previous Years QPs/IS/2023 ISE Odd sem.pdf,9,18CS71,Artificial Intelligence and Machine Learning,YES
Previous Years QPs/IS/2023 ISE Odd sem.pdf,10,18CS72,Big data Analytics,YES
Previous Years QPs/IS/2023 ISE Odd sem.pdf,11,18CS72,Big data Analytics,YES
Previous Years QPs/IS/2023 ISE Odd sem.pdf,12,18CS734,User Interface Design,YES
Previous Years QPs/IS/2023 ISE Odd sem.pdf,13,18CS734,User Interface Design,YES
Previous Years QPs/IS/2023 ISE Odd sem.pdf,14,18CS741,Digital Image Processing,YES
Previous Years QPs/IS/2023 ISE Odd sem.pdf,15,18CS741,Digital Image Processing,YES
Previous Years QPs/IS/2023 ISE Odd sem.pdf,16,18CS752,Python Application Programming,YES
Previous Years QPs/IS/2023 ISE Odd sem.pdf,17,21MAT31,"Transform Calculus, Fourier Series and Numerical Techniques",NO_MATCH
Previous Years QPs/IS/2023 ISE Odd sem.pdf,18,21CS32,Data Structures and Applications,YES
Previous Years QPs/IS/2023 ISE Odd sem.pdf,19,21CS33,Analog and Digital Electronics,YES
Previous Years QPs/IS/2023 ISE Odd sem.pdf,20,21CS34,Computer Organization and Architecture,YES
Previous Years QPs/IS/2023 ISE Odd sem.pdf,21,21KBK37,Balake Kannada,YES
Previous Years QPs/IS/2023 ISE Odd sem.pdf,22,21KSK37,Samskruthika Kannada,YES
Previous Years QPs/IS/ISE_Even.pdf,1,BAD402,Artificial Intelligence,YES
Previous Years QPs/IS/ISE_Even.pdf,2,BBOC407,Biology for Engineers (CSE),YES
Previous Years QPs/IS/ISE_Even.pdf,3,BCB402,Financial Management,YES
Previous Years QPs/IS/ISE_Even.pdf,4,BCS401,Analysis and Design of Algorithms,YES
Previous Years QPs/IS/ISE_Even.pdf,5,BCS402,Microcontroller,YES
Previous Years QPs/IS/ISE_Even.pdf,6,BCS403,Database Management System,YES
Previous Years QPs/IS/ISE_Even.pdf,10,BIS402,Advance Java,YES
Previous Years QPs/IS/ISE_Even.pdf,11,BUHK408,Universal Human Values,YES
Previous Years QPs/IS/ISE_Even.pdf,12,21CS61,Software Engineering and Project Management,YES
Previous Years QPs/IS/ISE_Even.pdf,13,21CS62,Full Stack Development,YES
Previous Years QPs/IS/ISE_Even.pdf,14,21CS644,Data Science and Visualization,YES
Previous Years QPs/IS/ISE_Even.pdf,15,21IS643,Data Mining and Data Warehousing,YES
Previous Years QPs/IS/ISE_Even.pdf,16,21MAT655,Advanced Linear Algebra,YES
Previous Years QPs/IS/ISE_Even.pdf,17,18CS42,Design and Analysis of Algorithm,YES
Previous Years QPs/IS/ISE_Even.pdf,18,18CS43,Operating Systems,YES
Previous Years QPs/IS/ISE_Even.pdf,19,18CS44,Microcontroller and Embedded Systems,YES
Previous Years QPs/IS/ISE_Even.pdf,20,18CS45,Object Oriented Concepts,YES
Previous Years QPs/IS/ISE_Even.pdf,21,18CS46,Data Communication,YES
Previous Years QPs/IS/ISE_Even.pdf,22,18CS61,System Software and Compilers,YES
Previous Years QPs/IS/ISE_Even.pdf,23,18CS62,Computer Graphics and Visualization,YES
Previous Years QPs/IS/ISE_Even.pdf,24,18CS63,Web Technology and its Applications,YES
Previous Years QPs/IS/ISE_Even.pdf,25,18CS641,Data Mining and Data Warehousing,YES
Previous Years QPs/IS/ISE_Even.pdf,26,18CS651,Mobile Application Development,YES
Previous Years QPs/IS/ISE_Even.pdf,27,18CS653,Programming in Java,YES
Previous Years QPs/IS/ISE_Even.pdf,28,18IS61,File Structures,YES
Previous Years QPs/IS/ISE_Even.pdf,29,18IS62,Software Testing,YES
Previous Years QPs/IS/ISE_Even.pdf,30,18MAT41,"Complex Analysis, Probability and Statistical Methods",YES
Previous Years QPs/IS/ISE_Even.pdf,,BBOK407,,DETECTED_NOT_IN_INDEX
Previous Years QPs/IS/ISE_Even.pdf,,BCS405A,,DETECTED_NOT_IN_INDEX
Previous Years QPs/IS/ISE_Even.pdf,,BCS456B,,DETECTED_NOT_IN_INDEX
Previous Years QPs/IS/ISE_Even.pdf,,BCS456C,,DETECTED_NOT_IN_INDEX
Previous Years QPs/IS/ISE_Odd.pdf,3,BCB501,Fundamentals of Management,YES
Previous Years QPs/IS/ISE_Odd.pdf,6,BCS302,Digital Design and Computer Organization,YES
Previous Years QPs/IS/ISE_Odd.pdf,7,BCS303,Operating Systems,YES
Previous Years QPs/IS/ISE_Odd.pdf,8,BCS304,Data Structures and Applications,YES
Previous Years QPs/IS/ISE_Odd.pdf,10,BCS501,Software Engineering and Project Management,YES
Previous Years QPs/IS/ISE_Odd.pdf,11,BCS502,Computer Networks,YES
Previous Years QPs/IS/ISE_Odd.pdf,12,BCS503,Theory of Computation,YES
Previous Years QPs/IS/ISE_Odd.pdf,13,BCS508,Environmental Studies and E – Waste Management,YES
Previous Years QPs/IS/ISE_Odd.pdf,15,BESK508,Environmental Studies,YES
Previous Years QPs/IS/ISE_Odd.pdf,17,BRMK557,Research Methodology and IPR,YES
Previous Years QPs/IS/ISE_Odd.pdf,18,21CS51,Automata Theory and Compiler Design,YES
Previous Years QPs/IS/ISE_Odd.pdf,19,21CS52,Computer Networks,YES
Previous Years QPs/IS/ISE_Odd.pdf,20,21CS53,Database Management Systems,YES
Previous Years QPs/IS/ISE_Odd.pdf,21,21CS71,Big Data Analytics,YES
Previous Years QPs/IS/ISE_Odd.pdf,22,21CS72,Cloud Computing,YES
Previous Years QPs/IS/ISE_Odd.pdf,23,21CS735,Internet of Things,YES
Previous Years QPs/IS/ISE_Odd.pdf,24,21CS741,Software Architecture and Design Patterns,YES
Previous Years QPs/IS/ISE_Odd.pdf,25,21CS743,Deep Learning,YES
Previous Years QPs/IS/ISE_Odd.pdf,26,21CS752,Introduction to AI and ML,YES
Previous Years QPs/IS/ISE_Odd.pdf,27,21IS71,Cryptography and Network Security,YES
Previous Years QPs/IS/ISE_Odd.pdf,28,21MAT755,Advanced Mathematical Methods,YES
Previous Years QPs/IS/ISE_Odd.pdf,29,21RMI56,Research Methodology and Intellectual Property Rights,YES
Previous Years QPs/IS/ISE_Odd.pdf,30,18CS32,Data Structures and Applications,YES
Previous Years QPs/IS/ISE_Odd.pdf,31,18CS33,Analog and Digital Electronics,YES
Previous Years QPs/IS/ISE_Odd.pdf,32,18CS34,Computer Organization,YES
Previous Years QPs/IS/ISE_Odd.pdf,33,18CS35,Software Engineering,YES
Previous Years QPs/IS/ISE_Odd.pdf,34,18CS52,Computer Networks and Security,YES
Previous Years QPs/IS/ISE_Odd.pdf,35,18CS53,Database Management Systems,YES
Previous Years QPs/IS/ISE_Odd.pdf,36,18CS54,Automata Theory and Computability,YES
Previous Years QPs/IS/ISE_Odd.pdf,37,18CS55,Application Development using Python,YES
Previous Years QPs/IS/ISE_Odd.pdf,38,18CS734,User Interface Design,YES
Previous Years QPs/IS/ISE_Odd.pdf,39,18CS745,Robotic Process Automation Design and Development,YES
Previous Years QPs/IS/ISE_Odd.pdf,40,18MAT31,"Transform Calculus, Fourier Series and Numerical Techniques",YES
Previous Years QPs/IS/ISE_Odd.pdf,41,18MAT753,Advanced Mathematical Methods,YES
Previous Years QPs/IS/ISE_Odd.pdf,,BAD515B,,DETECTED_NOT_IN_INDEX
Previous Years QPs/IS/ISE_Odd.pdf,,BAI515A,,DETECTED_NOT_IN_INDEX
Previous Years QPs/IS/ISE_Odd.pdf,,BCB515A,,DETECTED_NOT_IN_INDEX
Previous Years QPs/IS/ISE_Odd.pdf,,BDS301,,DETECTED_NOT_IN_INDEX
Previous Years QPs/IS/ISE_Odd.pdf,,BCS306A,,DETECTED_NOT_IN_INDEX
Previous Years QPs/IS/ISE_Odd.pdf,,BCS515B,,DETECTED_NOT_IN_INDEX
Previous Years QPs/IS/ISE_Odd.pdf,,BMATEC301/BEC301/BBM301,,DETECTED_NOT_IN_INDEX
Previous Years QPs/MBA/MBA QP 2023-24.pdf,1,22MBA11,Principles of Management and Organizational Behaviour,YES
Previous Years QPs/MBA/MBA QP 2023-24.pdf,2,22MBA12,Entrepreneurship Development,YES
Previous Years QPs/MBA/MBA QP 2023-24.pdf,3,22MBA13,Accounting for Managers,YES
Previous Years QPs/MBA/MBA QP 2023-24.pdf,4,22MBA14,Statistics for Managers,YES
Previous Years QPs/MBA/MBA QP 2023-24.pdf,5,22MBA15,Marketing Management,YES
Previous Years QPs/MBA/MBA QP 2023-24.pdf,6,22MBA16,Business Communication,YES
Previous Years QPs/MBA/MBA QP 2023-24.pdf,7,22MBA401,International Business,YES
Previous Years QPs/MBA/MBA Qp- Dec 2024-25.pdf,1,MBA101,Management and Organizational Behaviour,YES
Previous Years QPs/MBA/MBA Qp- Dec 2024-25.pdf,2,MBA102,Financial Accounting and Reporting,YES
Previous Years QPs/MBA/MBA Qp- Dec 2024-25.pdf,3,MBA103,Economics for,YES
Previous Years QPs/MBA/MBA Qp- Dec 2024-25.pdf,4,MBA104,Business Statistics,YES
Previous Years QPs/MBA/MBA Qp- Dec 2024-25.pdf,5,MBA105,Marketing Management,YES
Previous Years QPs/MBA/MBA Qp- Dec 2024-25.pdf,6,MBA106,Managerial Communication,YES
Previous Years QPs/MBA/MBA Qp- Dec 2024-25.pdf,7,22MBA22,Financial Management,YES
Previous Years QPs/MBA/MBA Qp- Dec 2024-25.pdf,8,22MBA23,Research Methodology and IPR,YES
Previous Years QPs/MBA/MBA Qp- Dec 2024-25.pdf,9,22MBA24,Operations Research,YES
Previous Years QPs/MBA/MBA Qp- Dec 2024-25.pdf,10,22MBA301,Logistics and Supply Chain Management,YES
Previous Years QPs/MBA/MBA Qp- Dec 2024-25.pdf,11,22MBA302,Information Technology for Managers,YES
Previous Years QPs/MBA/MBA Qp- Dec 2024-25.pdf,12,22MBAFM303,Strategic Cost Management,YES
Previous Years QPs/MBA/MBA Qp- Dec 2024-25.pdf,13,22MBAHR303,Recruitment and Selection,YES
Previous Years QPs/MBA/MBA Qp- Dec 2024-25.pdf,14,22MBAMM303,Consumer Behaviour,YES
Previous Years QPs/MBA/MBA Qp- Dec 2024-25.pdf,15,22MBAFM304,Security Analysis and Portfolio Management,YES
Previous Years QPs/MBA/MBA Qp- Dec 2024-25.pdf,16,22MBAHR304,Industrial Relations and Legislations,YES
Previous Years QPs/MBA/MBA Qp- Dec 2024-25.pdf,17,22MBAMM304,Sales and Retail Management,YES
Previous Years QPs/MBA/MBA Qp- Dec 2024-25.pdf,18,22MBAHR404,Global HRM,YES
Previous Years QPs/MCA/2022 MCA Even sem.pdf,1,20MCA11,DATA STRUCTURES WITH ALGORITHMS,YES
Previous Years QPs/MCA/2022 MCA Even sem.pdf,2,20MCA12,OPERATING SYSTEM WITH UNIX,YES
Previous Years QPs/MCA/2022 MCA Even sem.pdf,3,20MCA13,COMPUTER NETWORKS,YES
Previous Years QPs/MCA/2022 MCA Even sem.pdf,4,20MCA14,MATHEMATICAL FOUNDATION FOR COMPUTER APPLICATIONS,YES
Previous Years QPs/MCA/2022 MCA Even sem.pdf,5,20MCA15,RESEARCH METHODOLOGY AND IPR,YES
Previous Years QPs/MCA/2022 MCA Even sem.pdf,6,20MCA21,DATABASE MANAGEMENT SYSTEM,YES
Previous Years QPs/MCA/2022 MCA Even sem.pdf,7,20MCA22,OBJECT ORIENTED PROGRAMMING WITH JAVA,YES
Previous Years QPs/MCA/2022 MCA Even sem.pdf,8,20MCA23,WEB TECHNOLOGIES,YES
Previous Years QPs/MCA/2022 MCA Even sem.pdf,9,20MCA24,SOFTWARE ENGINEERING,YES
Previous Years QPs/MCA/2022 MCA Even sem.pdf,10,20MCA251,CYBER SECURITY,YES
Previous Years QPs/MCA/2022 MCA Even sem.pdf,11,20MCA263,MOBILE APPLICATIONS DEVELOPMENT,YES
Previous Years QPs/MCA/2022 MCA Even sem.pdf,12,20MCA41,ADVANCES IN WEB TECHNOLOGIES,YES
Previous Years QPs/MCA/2022 MCA Even sem.pdf,13,20MCA42,PROGRAMMING USING C#,YES
Previous Years QPs/MCA/2022 MCA Even sem.pdf,14,20MCA51,PROGRAMMING USING C# .NET,NO_MATCH
Previous Years QPs/MCA/2022 MCA Even sem.pdf,15,20MCA52,MOBILE APPLICATIONS,NO_MATCH
Previous Years QPs/MCA/2022 MCA Even sem.pdf,16,20MCA53,MACHINE LEARNING,NO_MATCH
Previous Years QPs/MCA/2022 MCA Even sem.pdf,,18MCA51,,DETECTED_NOT_IN_INDEX
Previous Years QPs/MCA/2022 MCA Even sem.pdf,,18MCA52,,DETECTED_NOT_IN_INDEX
Previous Years QPs/MCA/2022 MCA Even sem.pdf,,18MCA53,,DETECTED_NOT_IN_INDEX
Previous Years QPs/MCA/2023 MCA Even sem.pdf,1,22MCA21,Database Management System,YES
Previous Years QPs/MCA/2023 MCA Even sem.pdf,2,22MCA22,Object Oriented Programming Using Java,YES
Previous Years QPs/MCA/2023 MCA Even sem.pdf,3,22MCA23,Software Engineering,YES
Previous Years QPs/MCA/2023 MCA Even sem.pdf,4,22MCA24,Web Technologies,YES
Previous Years QPs/MCA/2023 MCA Even sem.pdf,5,22MCA261,Cryptography and Network Security,YES
Previous Years QPs/MCA/2023 MCA Even sem.pdf,6,20MCA41,Advances in Web Technologies,YES
Previous Years QPs/MCA/2023 MCA Even sem.pdf,7,20MCA42,Programming using C#,YES
Previous Years QPs/MCA/2023 MCA Odd sem.pdf,1,20MCA31,Data Analytics using Python,YES
Previous Years QPs/MCA/2023 MCA Odd sem.pdf,2,20MCA32,Internet of Things,YES
Previous Years QPs/MCA/2023 MCA Odd sem.pdf,3,20MCA33,Advances in Java,YES
Previous Years QPs/MCA/2023 MCA Odd sem.pdf,4,20MCA344,Software Testing,YES
Previous Years QPs/MCA/2023 MCA Odd sem.pdf,5,20MCA354,Software Project Management,YES
Previous Years QPs/MCA/2023 MCA Odd sem.pdf,6,22MCA11,Mathematical Foundation for Computer Applications,YES
Previous Years QPs/MCA/2023 MCA Odd sem.pdf,7,22MCA12,Operating System Concepts,YES
Previous Years QPs/MCA/2023 MCA Odd sem.pdf,8,22MCA13,Data Structures,YES
Previous Years QPs/MCA/2023 MCA Odd sem.pdf,9,22MCA14,Computer Networks,YES
Previous Years QPs/MCA/2023 MCA Odd sem.pdf,10,22MCA15,Design and Analysis of Algorithms,YES
Previous Years QPs/MCA/2023 MCA Odd sem.pdf,11,22RMI18,Research Methodology and IPR,YES
Previous Years QPs/MCA/MCA QP Dec-2024-Jan 2025.pdf,1,MMC101,Programming and Problem Solving in C,YES
Previous Years QPs/MCA/MCA QP Dec-2024-Jan 2025.pdf,2,MMC102,Discrete Mathematics and Graph Theory,YES
Previous Years QPs/MCA/MCA QP Dec-2024-Jan 2025.pdf,3,MMC103,Database Management Systems (DBMS),YES
Previous Years QPs/MCA/MCA QP Dec-2024-Jan 2025.pdf,4,MMC104,Operating System,YES
Previous Years QPs/MCA/MCA QP Dec-2024-Jan 2025.pdf,5,MMC105,Web Technologies,YES
Previous Years QPs/MCA/MCA QP Dec-2024-Jan 2025.pdf,6,22MCA21,Database Management System,YES
Previous Years QPs/MCA/MCA QP Dec-2024-Jan 2025.pdf,7,22MCA22,Object Oriented Programming using Java,YES
Previous Years QPs/MCA/MCA QP Dec-2024-Jan 2025.pdf,8,22MCA24,Web Technologies,YES
Previous Years QPs/MCA/MCA QP Dec-2024-Jan 2025.pdf,9,22MCA252,Data Mining and Business Intelligence,YES
Previous Years QPs/MCA/MCA QP Dec-2024-Jan 2025.pdf,10,22MCA262,Artificial Intelligence,YES
Previous Years QPs/MCA/MCA QP Dec-2024-Jan 2025.pdf,11,22MCA31,Data Analytics using Python,YES
Previous Years QPs/MCA/MCA QP Dec-2024-Jan 2025.pdf,12,22MCA32,Internet of Things,YES
Previous Years QPs/MCA/MCA QP Dec-2024-Jan 2025.pdf,13,22MCA332,Cloud Computing,YES
Previous Years QPs/MCA/MCA QP Dec-2024-Jan 2025.pdf,14,22MCA342,Introduction to Dot -Net Framework for application Development,YES
Previous Years QPs/MCA/MCA QP-2024.pdf,1,22MCA11,Mathematical Foundation for Computer Applications,YES
Previous Years QPs/MCA/MCA QP-2024.pdf,2,22MCA12,Operating System Concepts,YES
Previous Years QPs/MCA/MCA QP-2024.pdf,3,22MCA13,Data Structures with Algorithms,YES
Previous Years QPs/MCA/MCA QP-2024.pdf,4,22MCA14,Computer Networks,YES
Previous Years QPs/MCA/MCA QP-2024.pdf,5,22MCA15,Design and Analysis of Algorithm,YES
Previous Years QPs/MCA/MCA QP-2024.pdf,6,22RMI18,Research Methodology and IPR,YES
Previous Years QPs/ME/2023 ME Even sem.pdf,1,21BE45,Biology for Engineers,YES
Previous Years QPs/ME/2023 ME Even sem.pdf,3,21KBK47,Balake Kannada,YES
Previous Years QPs/ME/2023 ME Even sem.pdf,4,21KSK47,Samskruthika Kannada,YES
Previous Years QPs/ME/2023 ME Even sem.pdf,5,21ME42,Machining Science and Jigs & Fixtures,YES
Previous Years QPs/ME/2023 ME Even sem.pdf,6,21ME43,Fluid Mechanics,YES
Previous Years QPs/ME/2023 ME Even sem.pdf,7,21ME44,Mechanics and Materials,YES
Previous Years QPs/ME/2023 ME Even sem.pdf,8,21UH49,Universal Human Values,YES
Previous Years QPs/ME/2023 ME Even sem.pdf,9,18ME61,Finite Element Methods,YES
Previous Years QPs/ME/2023 ME Even sem.pdf,10,18ME62,Design of Machine Elements – II,YES
Previous Years QPs/ME/2023 ME Even sem.pdf,11,18ME63,Heat Transfer,YES
Previous Years QPs/ME/2023 ME Even sem.pdf,12,18ME641,Non-Traditional Machining,YES
Previous Years QPs/ME/2023 ME Even sem.pdf,13,18ME645,Composite Materials Technology,YES
Previous Years QPs/ME/2023 ME Even sem.pdf,14,18ME651,Non -Conventional Energy Sources,YES
Previous Years QPs/ME/2023 ME Even sem.pdf,15,18ME81,Energy Engineering,YES
Previous Years QPs/ME/2023 ME Even sem.pdf,16,18ME824,Automobile Engineering,YES
Previous Years QPs/ME/2023 ME Even sem.pdf,,21CIP37/21CIP47,,DETECTED_NOT_IN_INDEX
Previous Years QPs/ME/2023 ME Odd sem.pdf,1,18ME51,Management and Economics,YES
Previous Years QPs/ME/2023 ME Odd sem.pdf,2,18ME52,Design of Machine Elements – I,YES
Previous Years QPs/ME/2023 ME Odd sem.pdf,3,18ME53,Dynamics of Machines,YES
Previous Years QPs/ME/2023 ME Odd sem.pdf,4,18ME54,Turbomachines,YES
Previous Years QPs/ME/2023 ME Odd sem.pdf,5,18ME55,Fluid Power Engineering,YES
Previous Years QPs/ME/2023 ME Odd sem.pdf,6,18ME56,Operations Management,YES
Previous Years QPs/ME/2023 ME Odd sem.pdf,7,18CIV59,Environmental Studies,YES
Previous Years QPs/ME/2023 ME Odd sem.pdf,8,18ME71,Control Engineering,YES
Previous Years QPs/ME/2023 ME Odd sem.pdf,9,18ME71,Control Engineering,YES
Previous Years QPs/ME/2023 ME Odd sem.pdf,10,18ME72,Computer Aided Design and Manufacturing,YES
Previous Years QPs/ME/2023 ME Odd sem.pdf,11,18ME734,Total Quality Management,YES
Previous Years QPs/ME/2023 ME Odd sem.pdf,12,18ME734,Total Quality Management,YES
Previous Years QPs/ME/2023 ME Odd sem.pdf,13,18ME744,Mechatronics,YES
Previous Years QPs/ME/2023 ME Odd sem.pdf,14,18ME744,Mechatronics,YES
Previous Years QPs/ME/2023 ME Odd sem.pdf,15,18ME751,Energy and Environment,YES
Previous Years QPs/ME/2023 ME Odd sem.pdf,16,21MAT31,"Transform Calculus, Fourier Series and Numerical Techniques",NO_MATCH
Previous Years QPs/ME/2023 ME Odd sem.pdf,17,21ME32,"Metal Casting, Forming And Joining Processes",YES
Previous Years QPs/ME/2023 ME Odd sem.pdf,18,21ME33,Material Science and Engineering,YES
Previous Years QPs/ME/2023 ME Odd sem.pdf,19,21ME34,Thermodynamics,YES
Previous Years QPs/ME/2023 ME Odd sem.pdf,20,21KBK37,Balake Kannada,YES
Previous Years QPs/ME/2023 ME Odd sem.pdf,21,21KSK37,Samskruthika Kannada,YES
